{
  "accuracy": 0.9451219512195121,
  "train_accuracy": 0.9724770642201835,
  "overfitting_gap": 0.027355113000671394,
  "feature_importance": {
    "url_length": 0.020523441955447197,
    "domain_length": 0.011465014889836311,
    "path_length": 0.2916716933250427,
    "query_length": 0.0,
    "dot_count": 0.03402620553970337,
    "hyphen_count": 0.023212436586618423,
    "underscore_count": 0.003196986159309745,
    "slash_count": 0.20241117477416992,
    "digit_count": 0.009568871930241585,
    "special_char_count": 0.24416808784008026,
    "has_https": 0.01024682354182005,
    "has_ip_address": 0.0,
    "has_port": 0.0,
    "suspicious_keyword_count": 0.0,
    "brand_in_domain": 0.004842077381908894,
    "brand_in_path": 0.0,
    "multiple_subdomains": 0.0,
    "path_depth": 0.03122856095433235,
    "has_query_params": 0.0,
    "has_fragment": 0.0,
    "domain_entropy": 0.007708224467933178,
    "typosquatting_score": 0.010979538783431053,
    "char_substitution_detected": 0.03600252419710159,
    "is_danish_shop_fake": 0.014877512119710445,
    "domain_age_proxy": 0.013730279169976711,
    "is_new_domain": 0.0,
    "has_ssl": 0.008527787402272224,
    "ssl_days_left": 0.0,
    "domain_age_days": 0.02161269076168537,
    "cvr_found": 0.0,
    "vt_malicious": 0.0
  }
}